RegionID,VoronoiVolume,TotalFiberVolume,FiberVolumeFrac,FiberIndices,FiberLengthsInside,FiberP1_inside,FiberP2_inside,MinCorner,CuboidSize,
1,17576.62,812.126571,0.04620493,"15, 38","1.7798, 14.3769","[-50.0000 -43.6991 -33.7284], [-49.8289 -40.3898 -42.3517]","[-48.2320 -43.7957 -33.5476], [-37.7558 -48.0588 -40.8950]",[-58.000 -55.950 -50.000],[28.073 23.669 26.452],
3,72659.5737,3996.076911,0.05499725,"37, 47, 51, 68, 106","23.9972, 25.1482, 23.7008, 4.8147, 1.8384","[29.8482 -27.4804 -42.7935], [19.5991 -37.4535 -49.9195], [2.1959 -32.8695 -47.2234], [5.1963 -40.2867 -41.4167], [38.4348 -28.0652 -48.9667]","[50.0000 -40.2811 -40.3620], [32.5827 -43.6013 -29.2782], [22.4445 -25.8072 -37.1313], [9.9249 -39.3946 -41.5787], [40.2729 -28.0686 -48.9989]",[-3.735 -51.601 -57.919],[61.735 32.121 36.641],
5,48031.1296,3741.521848,0.07789785,"6, 81, 105, 119, 138, 142","8.2889, 11.5371, 18.4772, 19.258, 0.5338, 16.3402","[-41.6868 -27.9764 -33.6854], [-42.5921 -10.7764 -40.6884], [-50.0000 -28.0864 -49.1693], [-50.9933 -7.9537 -33.2757], [-34.9385 -11.7402 -32.0878], [-50.5153 -19.1941 -43.6946]","[-33.5522 -26.4290 -33.3122], [-31.4534 -9.7743 -43.5222], [-31.5257 -28.1202 -49.4929], [-32.6762 -2.4514 -35.5297], [-34.5870 -11.5874 -32.4593], [-35.1288 -24.2293 -41.4797]",[-58.000 -36.120 -57.493],[34.547 39.870 34.872],
6,88427.7672,5659.353902,0.06399974,"6, 33, 37, 81, 105, 119","39.6685, 7.0802, 2.5292, 26.3726, 0.4352, 37.2252","[-33.5522 -26.4290 -33.3122], [-30.3370 2.3431 -46.5766], [2.0663 -9.8331 -46.1456], [-31.4534 -9.7743 -43.5222], [-31.5257 -28.1202 -49.4929], [-32.4279 -3.8535 -36.9342]","[5.3780 -19.0237 -31.5264], [-24.5430 0.1435 -50.0000], [4.1902 -11.1822 -45.8893], [-5.9916 -7.4836 -50.0000], [-31.0906 -28.1210 -49.5005], [2.2923 6.5762 -41.2068]",[-41.552 -36.121 -58.000],[54.930 46.697 34.474],
8,33233.8001,1582.802442,0.04762629,"88, 106, 120, 141","1.6376, 9.7286, 9.6861, 10.4366","[40.5877 2.5870 -44.9165], [40.2729 -28.0686 -48.9989], [40.7872 -16.3294 -37.7600], [39.3996 -17.3818 -46.5105]","[42.1700 2.8599 -44.5946], [50.0000 -28.0864 -49.1693], [50.0000 -13.5619 -38.8937], [49.2270 -20.5978 -45.0958]",[32.173 -36.086 -57.169],[25.827 46.946 27.409],
9,68736.753,4521.59143,0.06578128,"33, 46, 56, 89, 92, 98, 125, 154","8.8505, 16.1511, 10.6347, 8.6225, 18.7123, 13.7441, 4.6627, 8.5763","[-37.5798 5.0927 -42.2972], [-46.4252 18.3858 -46.8973], [-40.0736 12.1160 -29.6480], [-51.0198 10.1230 -43.0017], [-51.5909 22.0242 -40.2205], [-51.7132 29.9799 -38.3933], [-50.0000 39.1088 -43.6476], [-50.7380 0.1763 -49.0027]","[-30.3370 2.3431 -46.5766], [-30.8548 14.1578 -47.6365], [-32.1398 11.1295 -36.6606], [-42.6885 11.5599 -41.3068], [-33.2671 22.4578 -36.4522], [-38.2091 32.3281 -37.3805], [-45.6947 40.8591 -43.2717], [-42.7757 -1.3183 -46.1882]",[-58.000 -5.657 -57.003],[35.663 54.516 35.355],
10,27482.79444,5196.696846,0.189089099,"22, 42, 46, 55, 92, 97","1.5801, 20.8499, 13.1759, 37.452, 15.8745, 14.4526","[1.4388 41.0404 -33.0498], [-17.4160 15.7442 -29.6652], [-30.8548 14.1578 -47.6365], [-32.9586 32.8307 -45.3763], [-31.6762 15.4224 -43.3784], [-10.6296 9.5846 -42.9403]","[2.5619 40.2373 -32.2816], [-0.0262 4.9996 -33.7720], [-18.1527 10.7087 -48.2395], [4.4355 31.7063 -47.1278], [-16.1312 15.7902 -40.1816], [3.5706 12.0539 -41.8753]",[-32.959 5.000 -50.000],[37.394 36.041 20.392],
14,35071.8073,1874.170457,0.05343809,"22, 39, 132","17.6263, 14.6997, 4.9593","[-11.0902 50.0000 -41.6195], [-34.6997 50.0000 -38.5159], [-32.7867 49.2276 -29.5532]","[1.4388 41.0404 -33.0498], [-22.3555 42.1588 -37.0264], [-30.3933 53.2890 -31.0931]",[-42.700 33.040 -50.000],[52.139 24.960 26.950],
15,19203.1771,1353.94405,0.07050625,"77, 128","11.7125, 15.2233","[37.0903 44.1513 -47.4071], [19.4248 36.9992 -49.8448]","[48.5109 44.3239 -50.0000], [34.2728 38.6418 -52.7755]",[11.655 31.870 -58.000],[44.856 20.454 20.931],
17,59925.2649,2613.167926,0.04360712,"1, 15, 27, 70, 116, 158","4.4309, 14.5186, 5.7607, 6.581, 9.0552, 11.6409","[-50.0000 -30.5755 -2.0813], [-48.2320 -43.7957 -33.5476], [-38.3590 -47.0917 -9.2217], [-50.0000 -30.9187 -20.3942], [-52.1207 -48.7580 -7.3382], [-43.3557 -39.6679 -13.4437]","[-46.5470 -31.4217 0.5633], [-33.8100 -44.5840 -32.0729], [-33.4214 -46.4101 -6.3336], [-43.5462 -29.8285 -19.7089], [-44.7102 -53.3916 -9.7069], [-34.6804 -32.3509 -16.0342]",[-58.000 -58.000 -41.548],[32.579 36.707 50.111],
18,79723.8955,4362.080518,0.05471484,"11, 27, 30, 104","22.4812, 20.1829, 19.1168, 25.0","[-16.6354 -44.4341 -15.4079], [-33.4214 -46.4101 -6.3336], [-16.7651 -51.9734 -0.9605], [-29.2079 -31.0094 -24.7225]","[1.6644 -36.9140 -4.7324], [-16.1223 -44.0220 3.7851], [2.0960 -48.8639 -0.7563], [-4.7491 -36.0493 -23.5534]",[-41.421 -58.000 -32.722],[51.192 34.991 44.508],
19,29101.46304,5837.520305,0.200591987,"11, 15, 30, 47, 69, 95, 108","17.2066, 13.8424, 17.0612, 10.5634, 16.7358, 26.2915, 14.4328","[1.6644 -36.9140 -4.7324], [2.6364 -46.5760 -28.3460], [1.7707 -46.8905 -0.7563], [32.5827 -43.6013 -29.2782], [22.8993 -35.4968 -23.2721], [13.9230 -44.4843 2.8721], [24.4776 -29.6343 -5.2153]","[15.6707 -31.1582 3.4384], [16.3867 -47.3276 -26.9400], [18.6037 -44.1154 -0.5740], [38.0364 -46.1837 -20.6079], [39.3116 -32.7243 -21.5292], [40.0896 -42.4616 1.3032], [37.6501 -28.1868 0.5029]",[1.664 -50.000 -29.278],[38.425 23.149 32.717],
20,35860.269,1478.05881,0.04121717,"16, 47, 95, 117","1.3295, 15.611, 6.0877, 6.377","[48.6794 -43.6269 -33.8635], [38.0364 -46.1837 -20.6079], [40.0896 -42.4616 1.3032], [45.6535 -39.3128 -8.3999]","[50.0000 -43.6991 -33.7284], [46.0961 -50.0000 -7.7946], [46.1483 -41.9932 0.9399], [50.8722 -42.5759 -10.0681]",[30.036 -58.000 -41.864],[27.964 25.063 51.167],
21,88079.3133,4182.748882,0.04748844,"24, 64, 111, 138, 150, 156, 157, 158","16.6618, 1.0495, 16.2343, 18.0289, 4.4183, 5.9563, 14.7413, 6.1228","[-50.0000 -7.9079 0.7817], [-50.0000 5.2285 -15.9499], [-50.0000 -16.8543 -15.3101], [-50.0000 -9.5642 -19.5395], [-35.2435 -6.8980 -21.5450], [-48.2761 5.2041 -1.8681], [-44.6689 -4.9810 -8.6050], [-35.9699 -30.8221 -16.0342]","[-33.3417 -8.1711 1.0015], [-49.0380 5.6167 -15.7909], [-34.1014 -19.9296 -14.1575], [-38.1279 -4.4034 -32.0878], [-31.1741 -6.6407 -19.8434], [-44.5296 2.1255 1.5907], [-31.7932 2.1210 -7.5640], [-31.4069 -26.9736 -17.3967]",[-58.000 -37.293 -40.088],[34.826 50.910 49.678],
22,97900.8073,4350.895708,0.04444188,"24, 66, 112, 150, 157, 158","27.1014, 8.8004, 10.5362, 20.5817, 2.8428, 16.6957","[-33.3417 -8.1711 1.0015], [-4.8261 -16.7348 -23.0137], [-8.4192 -1.9771 -24.1303], [-31.1741 -6.6407 -19.8434], [-31.7932 2.1210 -7.5640], [-32.6963 -25.4448 -17.3967]","[-6.2460 -8.5993 1.3590], [2.2545 -17.1870 -17.8071], [1.6742 0.9542 -24.8670], [-12.2178 -5.4422 -11.9170], [-29.3102 3.4906 -7.3633], [-20.2539 -14.9505 -21.1121]",[-41.342 -33.445 -32.867],[51.596 44.935 42.226],
23,95753.0862,4639.553566,0.04845331,"24, 25, 26, 66, 85, 110, 112","4.0484, 11.2938, 14.9622, 33.5207, 8.7175, 7.0678, 12.6905","[13.1536 -8.9058 1.6150], [27.2203 -7.5480 0.4811], [15.0443 -7.7861 -11.7473], [2.2545 -17.1870 -17.8071], [28.4964 6.0278 0.5483], [29.8065 -12.9483 -16.7741], [1.6742 0.9542 -24.8670]","[17.2012 -8.9698 1.6684], [38.5117 -7.7264 0.6301], [21.3375 3.7828 -18.8482], [29.2242 -18.9096 2.0248], [35.7324 1.3166 1.7484], [36.7282 -14.2872 -16.2723], [13.8313 4.4850 -25.7543]",[-6.326 -28.910 -33.754],[52.837 41.395 43.779],
24,73507.946,3220.815136,0.04381588,"2, 6, 25, 65, 69, 108, 110, 139","3.0513, 9.2916, 11.4907, 5.8695, 10.8991, 3.4845, 13.552, 6.4374","[47.6221 -29.9928 -3.9025], [37.5194 -12.9097 -30.0520], [38.5117 -7.7264 0.6301], [40.7414 1.4921 -17.4805], [39.3116 -32.7243 -21.5292], [37.6501 -28.1868 0.5029], [36.7282 -14.2872 -16.2723], [46.4387 -8.0282 -13.0281]","[50.0000 -30.5755 -2.0813], [46.6381 -11.1751 -29.6337], [50.0000 -7.9079 0.7817], [46.1215 3.6633 -16.5911], [50.0000 -30.9187 -20.3942], [40.8302 -27.8373 1.8834], [50.0000 -16.8543 -15.3101], [50.6778 -6.1855 -17.5086]",[28.728 -40.724 -38.052],[29.272 52.388 47.935],
25,21276.268,6581.673193,0.309343405,"7, 42, 56, 64, 100, 132, 140, 144, 145, 156","17.0115, 23.2637, 13.3055, 18.0562, 12.0695, 1.0282, 19.0467, 5.3597, 19.0566, 2.7406","[-50.0000 10.1939 1.2094], [-49.9742 35.8607 -21.9763], [-50.0000 13.3503 -20.8741], [-49.0380 5.6167 -15.7909], [-50.0000 22.6511 -25.3521], [-35.4532 36.3464 -29.9492], [-48.2564 28.2860 -8.7068], [-37.7619 36.1792 -4.2108], [-50.0000 18.6501 -8.1443], [-50.0000 6.6206 -3.4595]","[-33.3521 6.7803 1.9764], [-30.5711 23.8723 -26.5585], [-40.0736 12.1160 -29.6480], [-32.4872 12.2960 -13.0547], [-37.9343 22.7234 -25.6458], [-34.9570 37.1884 -30.2685], [-29.3701 30.2240 -7.1813], [-32.5811 35.3360 -3.1272], [-31.6359 16.9294 -3.3533], [-48.2761 5.2041 -1.8681]",[-50.000 5.204 -30.268],[20.630 31.984 32.245],
26,110854.5523,5185.737166,0.04677965,"7, 42, 64, 90, 115, 123, 140, 145, 157","8.625, 15.7726, 7.9561, 3.863, 8.1718, 25.0, 5.9533, 18.5349, 9.2903","[-33.3521 6.7803 1.9764], [-30.5711 23.8723 -26.5585], [-32.4872 12.2960 -13.0547], [-4.6141 30.4481 -0.6707], [-17.9974 34.6232 -17.5678], [-20.4288 24.9959 -17.6391], [-29.3701 30.2240 -7.1813], [-31.6359 16.9294 -3.3533], [-29.3102 3.4906 -7.3633]","[-24.9115 5.0496 2.3653], [-17.4160 15.7442 -29.6652], [-25.1945 15.2391 -11.8491], [-3.0174 27.4560 1.1788], [-11.3099 30.4417 -19.7055], [-0.3838 10.1366 -16.0905], [-23.4669 30.8297 -6.7045], [-13.7745 15.2558 1.3065], [-21.1956 7.9665 -6.7072]",[-41.352 -4.509 -37.665],[48.968 47.133 48.031],
27,36301.74974,3749.036443,0.103274263,"8, 22, 26, 85, 102, 112, 155","14.88, 22.2418, 10.0378, 19.3042, 6.006, 1.7732, 0.3416","[28.3306 14.6372 0.2111], [13.7662 32.2250 -24.6180], [21.3375 3.7828 -18.8482], [10.2904 13.1082 -2.1093], [30.3710 28.7761 0.8757], [13.8313 4.4850 -25.7543], [39.7453 15.0471 -12.9266]","[42.8925 11.6513 0.8820], [29.5759 20.9193 -13.8044], [25.5595 11.5442 -23.6121], [26.3139 2.6757 0.5483], [34.9540 31.6936 3.4363], [15.5300 4.9783 -25.8783], [39.9602 14.8705 -12.7282]",[10.290 2.676 -34.246],[32.602 29.549 37.682],
28,14928.13276,2874.739216,0.192571922,"8, 43, 57, 65, 99, 143, 146, 155","7.2628, 3.0262, 1.0599, 4.2312, 13.708, 8.0097, 3.9318, 15.9615","[42.8925 11.6513 0.8820], [47.4760 37.4362 -21.3742], [49.2093 13.4486 -20.1752], [46.1215 3.6633 -16.5911], [36.2963 22.5689 -25.0185], [42.2575 39.4313 -8.3897], [46.2111 19.0051 -9.1327], [39.9602 14.8705 -12.7282]","[50.0000 10.1939 1.2094], [50.0000 35.8767 -21.9702], [50.0000 13.3503 -20.8741], [50.0000 5.2285 -15.9499], [50.0000 22.6511 -25.3521], [50.0000 38.1711 -6.7704], [50.0000 18.6501 -8.1443], [50.0000 6.6206 -3.4595]",[34.287 3.663 -25.352],[15.713 35.768 26.561],
29,81228.3424,3733.31067,0.04596069,"28, 45, 115, 132","16.7834, 25.0, 21.8037, 10.6846","[-33.6493 47.2701 -1.1398], [-22.7791 44.9522 -23.4579], [-35.8409 45.7803 -11.8641], [-34.9570 37.1884 -30.2685]","[-17.0904 50.0000 -0.9605], [1.3986 49.6499 -27.7441], [-17.9974 34.6232 -17.5678], [-29.8004 45.9386 -33.5861]",[-43.841 26.623 -41.586],[53.239 31.377 48.626],
30,35681.83,2546.469,0.071365987,"1,2","20.4739, 30.1795","[-1.24 40.47 4.76], [-10.60 44. 14.08]","[-17.27 41.22 -7.93], [-33.307 44. -5.79]",[-41.30 32.47 -15.93],[48.06 19.53 38.01],
31,14632,1073.6,0.073373428,1,21.35,[1.918 53.43 -35.81],[-14.04 53.43 -50.0],[-28.77 48.43 -63.09],[35 12 33],
34,63362,5229.714286,0.082537077,"1,2,3,4,5","14.57,20.98,22.10,34.81,11.91","[41.33 -41.35 -13.55], [32.52 -35.15 -19.16], [23.63 -38.8 -16.42], [20.72 -49.24 0.35], [9.75 -42.61 -5.91]","[35.13 -45.70 -26.0], [23.58 -45.35 -35.17], [10.43 -34.58 -33.65], [16.31 -49.49 -34.17], [3.78 -44.0 -16.12]",[-1.2 -54.49 -39.17],[49.55 26.91 47.52],
39,50772.0213,2786.529729,0.0669,"1,2,3,4","12.51,17.38,18.58,25","[29.792 -21.363 14.45], [6.16 -31.83 9.75], [22.788 -11.675 13.55], [19.91 -22.99 18.72]","[19.37 -21.36 7.51], [-9.431 -31.83 2.08], [6.10 -11.67 5.37], [-2.78 -22.99 8.25]",[-18.54 -36.685 -5.79],[54.78 31.85 29.10],
40,66357.4716,2786,0.041984722,"1,2,3,4,5","3.82,9.13,9.63,6.06,16.73,10.04","[39.5347 -28.3399 47.941], [35.6686 -17.4331 50], [15.8277 -5.749 50], [14.2233275 -28.9593005 50], [17.302 -20.2365 50], [5.864 -26.8297 50]","[38.0708 -31.7142 46.911], [36.7089 -17.1952 40.925], [15.1934 -5.7065 40.3861], [13.7600275 -31.6001005 44.56], [7.4014 -19.3766 36.53], [1.8834 -27.8373 40.83]",[-6.11 -39.714 28.53],[53.63 42 29.46],
42,47994,2514.285714,0.052387501,"1,2,3,4","9.91, 29.46, 2.62, 8.21","[-29.8903 -5.675 -1.1113], [-26.043 -7.13 23.16], [ -47.10 8.26 1.5], [-41.4 12.09 24.3]","[-38.79 -5.6 -5.4], [-48.5 -7.13 4.1], [-48.55 10.267 0.63], [ -48.55 12.09 20.3]",[-54.093 -11.866 -12.819],[34.50 31.22 44.55],
43,58362,4676.571429,0.080130418,"1,2,3,4,5,6","21.15,4,37.56,2.49,5.14,23.80"," [3.34 -1.19 -6.7], [-5.9 17.7 -15.16], [0.47 5.42 7.7594], [-7.69 18.0 5.03], [-12.7 10.0 5.3], [-9.42 -1.6 6.6]","[-13.45 -1.19 -19.5], [-9.41 17.7 -17.1], [-28.16 5.42 -16.5], [-9.041 18.07 2.92], [-17.52 10.02 3.40], [-30.806 -1.675 -3.7]",[-34.4 -7.14 -23.58],[46.14 32.21 39.25],
44,26504,1745.89,0.0658,"5, 10, 101, 161","7.0629, 15.368, 8.1624, 11.8295","[-48.3258 50.0000 22.6492], [-50.0000 48.1361 45.7465], [-44.2577 44.9272 15.0510], [-50.0000 39.6207 28.0246]","[-42.2423 47.3261 25.0420], [-34.6988 49.3922 46.4317], [-38.0292 48.8922 18.5310], [-44.8916 50.0000 25.5525]",[-50.000 39.621 15.051],[27.3 22.37 43.38],
45,4983.74432,2132.400428,0.427871153,"5, 10, 101, 161","7.0629, 15.368, 8.1624, 11.8295","[22.6492 50.0000 -48.3258], [45.7465 48.1361 -50.0000], [15.0510 44.9272 -44.2577], [28.0246 39.6207 -50.0000]","[25.0420 47.3261 -42.2423], [46.4317 49.3922 -34.6988], [18.5310 48.8922 -38.0292], [25.5525 50.0000 -44.8916]",[15.051 39.621 -50.000],[31.381 10.379 15.301],
46,16304.78328,2176.747014,0.133503585,"49, 52, 75, 101, 127","5.2395, 28.2941, 3.4756, 2.2806, 4.0152","[19.6507 41.8257 -36.6405], [37.5747 50.0000 -34.4520], [45.7101 44.6093 -32.5939], [18.5310 48.8922 -38.0292], [32.3275 46.0105 0.3595]","[23.9512 40.5448 -33.9354], [27.6354 36.3262 -11.7630], [44.9407 44.6605 -29.2049], [19.5033 50.0000 -36.2889], [32.0335 47.3959 4.1166]",[18.531 35.766 -38.029],[27.179 14.234 42.146],
47,20682.86705,2871.16875,0.138818702,"13, 20, 96, 127, 131, 159","17.395, 11.8909, 8.0493, 7.5471, 0.2854, 11.9523","[23.4715 34.6331 36.6389], [11.4131 43.3059 3.6642], [36.0583 40.6606 18.8297], [32.0335 47.3959 4.1166], [21.2148 50.0000 30.6139], [7.8541 48.2126 29.8673]","[30.1380 50.0000 41.3295], [8.0354 49.9161 12.9534], [37.1782 38.1782 26.4044], [31.4808 50.0000 11.1786], [21.2808 49.9408 30.8852], [2.7585 47.4386 40.6513]",[2.759 34.046 3.664],[34.420 15.954 37.665],
50,5778.73113,575.2318976,0.099542942,"50, 53","5.5429, 5.901","[41.3358 -41.3586 -13.5549], [39.6476 -47.1482 -39.1840]","[43.6961 -39.7069 -8.8194], [37.5747 -50.0000 -34.4520]",[25.207 -50.000 -39.184],[18.489 10.293 30.365],
51,2746.313871,1312.884935,0.478053492,62,26.119,[46.5207 -45.5741 23.0787],[47.2814 -45.7530 49.1860],[46.229 -50.000 23.079],[1.052 100.000 26.107],
53,7249.264353,742.2956126,0.102395992,"53, 63, 94","6.9224, 5.1522, 2.6929","[44.3857 -40.6298 -50.0000], [47.3051 -45.7586 -50.0000], [37.5968 -31.8064 -35.9769]","[41.9540 -43.9752 -44.4489], [47.4551 -45.7939 -44.8501], [37.8630 -31.6613 -33.3011]",[16.738 -45.794 -50.000],[30.717 14.133 16.699],
54,33118.76056,6930.016112,0.209247448,"31, 34, 50, 73, 80, 87, 94, 107","5.9483, 9.0694, 13.9914, 41.121, 11.5133, 10.2702, 34.1696, 11.7852","[33.6815 -17.8874 -32.6677], [50.0000 0.1435 -24.5430], [43.6961 -39.7069 -8.8194], [49.7388 -21.1359 -34.1464], [50.0000 -7.4836 -5.9916], [36.9610 -6.4026 -37.8700], [37.8630 -31.6613 -33.3011], [48.4119 3.0742 -27.3489]","[33.0042 -18.0423 -26.7601], [45.6148 -2.6741 -17.1211], [49.6538 -35.5379 3.1339], [34.6830 -9.9304 2.4418], [47.1720 -6.4835 5.1241], [33.8364 -6.7928 -28.0945], [41.2414 -29.8201 0.6512], [46.7430 5.6167 -15.9629]",[33.004 -39.707 -37.870],[16.996 45.324 42.994],
55,26516.60844,4898.210836,0.184722373,"32, 35, 50, 80, 90, 147","8.164, 25.7001, 0.813, 28.7378, 10.3089, 23.7229","[37.6385 -16.9827 32.8176], [33.0210 -28.2812 12.5243], [49.6538 -35.5379 3.1339], [47.1720 -6.4835 5.1241], [32.3846 -23.0283 23.9225], [37.6236 -14.2582 31.9987]","[36.7089 -17.1952 40.9257], [50.0000 -13.5992 25.0401], [50.0000 -35.2956 3.8285], [40.1133 -3.9873 32.8695], [37.3203 -31.0131 28.1835], [44.5585 -31.0261 47.2802]",[30.962 -35.538 3.134],[19.038 31.551 44.146],
57,7291.000821,2876.502629,0.394527816,"17, 60, 75, 79, 135","7.4247, 10.9091, 17.851, 16.9055, 4.1359","[48.2769 28.4348 -42.5629], [41.1025 21.3821 -50.0000], [49.6619 44.3464 -50.0000], [46.5438 38.8822 -50.0000], [43.5383 26.0076 -50.0000]","[48.5215 27.7159 -35.1772], [37.8055 18.0493 -40.1495], [45.7101 44.6093 -32.5939], [45.6894 40.0563 -33.1570], [41.9682 27.4869 -46.4712]",[33.891 18.049 -50.000],[15.771 26.560 17.406],
58,25636.44241,5072.596289,0.197866623,"9, 17, 44, 60, 78, 79, 93, 107","10.232, 17.5753, 15.464, 4.7925, 8.6109, 20.8429, 10.1837, 13.2148","[43.3454 43.7342 -3.6217], [48.5215 27.7159 -35.1772], [35.1744 27.1924 -10.5479], [36.8287 17.0618 -37.2311], [49.1846 35.2534 -2.0585], [45.6894 40.0563 -33.1570], [41.6942 13.7048 -4.2627], [46.7430 5.6167 -15.9629]","[43.8016 44.5705 6.5659], [49.1005 26.0142 -17.6940], [34.9870 18.6949 2.3708], [35.3803 15.5977 -32.9037], [48.7494 35.8514 6.5205], [44.6359 41.5038 -12.3911], [43.7450 13.9408 5.7095], [44.8716 8.4676 -3.1957]",[34.158 5.617 -37.231],[15.027 38.954 43.797],
59,24552.90883,7410.971546,0.301836805,"9, 61, 78, 84, 93, 96, 129, 134, 152","9.4096, 4.5421, 35.3318, 14.4041, 26.9168, 16.9507, 5.4173, 14.0266, 20.4376","[43.8016 44.5705 6.5659], [42.6219 22.9180 45.4606], [48.7494 35.8514 6.5205], [44.3969 23.3465 20.2126], [44.5795 14.0368 9.7676], [37.1782 38.1782 26.4044], [50.0000 41.5129 34.5030], [50.0000 19.9195 35.4771], [43.2931 8.1987 28.2042]","[44.2211 45.3396 15.9346], [41.2491 21.5303 49.5619], [46.9637 38.3052 41.7218], [35.9849 21.1135 31.6900], [50.0000 14.6605 36.1255], [39.5366 32.9507 42.3554], [48.9571 42.0974 39.7868], [44.6752 24.9364 47.4447], [50.0000 4.6371 47.1786]",[35.985 4.637 6.521],[14.015 40.703 43.041],
60,2431.199148,1593.338788,0.655371564,"9, 61, 76, 78, 129, 134","8.8121, 0.4852, 1.5272, 8.3089, 9.5701, 2.9949","[45.3536 47.4158 41.2262], [41.2491 21.5303 49.5619], [50.0000 44.3239 48.5109], [46.9637 38.3052 41.7218], [48.9571 42.0974 39.7868], [44.6752 24.9364 47.4447]","[45.7465 48.1361 50.0000], [41.1025 21.3821 50.0000], [49.6619 44.3464 50.0000], [46.5438 38.8822 50.0000], [47.1147 43.1300 49.1209], [43.5383 26.0076 50.0000]",[41.102 21.382 39.787],[8.898 26.754 10.213],
63,1417.700334,1276.837869,0.900640169,9,25.4019,[44.2211 45.3396 15.9346],[45.3536 47.4158 41.2262],[18.355 45.340 15.935],[26.998 2.076 25.292],
64,64000,5028.571,7.857142188,"1,2","50, 50","[0 0 0], [70 0 0]","[50 0 0], [120 0 0]",[-20 -10 -10],[160 20 20],
65,64000,5028.571,7.857142188,"1,2","50, 50","[0 0 0], [80 0 0]","[50 0 0], [130 0 0]",[-20 -9.7 -9.7],[170 19.4 19.4],
66,64000,5028.571,7.857142188,"1,2","50, 50","[0 0 0], [90 0 0]","[50 0 0], [140 0 0]",[-20 -9.42 -9.42],[180 18.85 18.85],
67,64000,5028.571,7.857142188,"1,2","50, 50","[0 0 0], [100 0 0]","[50 0 0], [150 0 0]",[-20 -9.18 -9.18],[190 18.35 18.35],
68,64000,5028.571,7.857142188,"1,2","50, 50","[0 0 0], [110 0 0]","[50 0 0], [160 0 0]",[-20 -8.94 -8.94],[200 17.88 17.88],
69,64000,5028.571,7.857142188,"1,2","50, 50","[0 0 0], [120 0 0]","[50 0 0], [170 0 0]",[-20 -8.72 -8.72],[210 17.45 17.45],
70,65138.494,5028.571,7.719815,"1,2","50, 50","[0 0 0], [70 0 -12.5]","[50 0 0], [113.301 0 12.5]",[-3 -7 -19.5],[119.301 14 39],
71,70598.494,5028.571,7.122774,"1,2","50, 50","[0 0 0], [80 0 -12.5]","[50 0 0], [123.301 0 12.5]",[-3 -7 -19.5],[129.301 14 39],
72,76058.494,5028.571,6.611452,"1,2","50, 50","[0 0 0], [90 0 -12.5]","[50 0 0], [133.301 0 12.5]",[-3 -7 -19.5],[139.301 14 39],
73,81518.494,5028.571,6.168626,"1,2","50, 50","[0 0 0], [100 0 -12.5]","[50 0 0], [143.301 0 12.5]",[-3 -7 -19.5],[149.301 14 39],
74,86978.494,5028.571,5.781396,"1,2","50, 50","[0 0 0], [110 0 -12.5]","[50 0 0], [153.301 0 12.5]",[-3 -7 -19.5],[159.301 14 39],
75,92438.494,5028.571,5.43991,"1,2","50, 50","[0 0 0], [120 0 -12.5]","[50 0 0], [163.301 0 12.5]",[-3 -7 -19.5],[169.301 14 39],
76,81023.996,5028.571,6.206274,"1,2","50, 50","[0 0 0], [70 0 -21.65]","[50 0 0], [95 0 21.65]",[-3 -7 -28.65],[101 14 57.3],
77,89046.174,5028.571,5.64715,"1,2","50, 50","[0 0 0], [80 0 -21.65]","[50 0 0], [105 0 21.65]",[-3 -7 -28.65],[111 14 57.3],
78,97068.352,5028.571,5.180443,"1,2","50, 50","[0 0 0], [90 0 -21.65]","[50 0 0], [115 0 21.65]",[-3 -7 -28.65],[121 14 57.3],
79,105090.53,5028.571,4.78499,"1,2","50, 50","[0 0 0], [100 0 -21.65]","[50 0 0], [125 0 21.65]",[-3 -7 -28.65],[131 14 57.3],
80,113112.707,5028.571,4.445629,"1,2","50, 50","[0 0 0], [110 0 -21.65]","[50 0 0], [135 0 21.65]",[-3 -7 -28.65],[141 14 57.3],
81,121134.885,5028.571,4.151216,"1,2","50, 50","[0 0 0], [120 0 -21.65]","[50 0 0], [145 0 21.65]",[-3 -7 -28.65],[151 14 57.3],
82,68096,5028.571,7.384598,"1,2","50, 50","[0 0 0], [70 0 -25]","[50 0 0], [70 0 25]",[-3 -7 -32],[80 14 64],
83,77056,5028.571,6.526097,"1,2","50, 50","[0 0 0], [80 0 -25]","[50 0 0], [80 0 25]",[-3 -7 -32],[90 14 64],
84,86016,5028.571,5.846245,"1,2","50, 50","[0 0 0], [90 0 -25]","[50 0 0], [90 0 25]",[-3 -7 -32],[100 14 64],
85,94976,5028.571,5.29478,"1,2","50, 50","[0 0 0], [100 0 -25]","[50 0 0], [100 0 25]",[-3 -7 -32],[110 14 64],
86,103936,5028.571,4.838431,"1,2","50, 50","[0 0 0], [110 0 -25]","[50 0 0], [110 0 25]",[-3 -7 -32],[120 14 64],
87,112896,5028.571,4.454723,"1,2","50, 50","[0 0 0], [120 0 -25]","[50 0 0], [120 0 25]",[-3 -7 -32],[130 14 64],
88,32029,2514,7.857142188,1,50,[10 0 0],[60 0 0],[0 -10 -10],[70 21.4 21.4],
89,32649,2514,7.719815,1,50,[70 0 -12.5],[113.301 0 12.5],[65 -9 -15],[60 18 30],
90,40548.3871,2514,6.206274,1,50,[70 0 -21.65],[95 0 21.65],[65 10.85 -26.65],[35 21.7 53.3],
91,34065,2514,7.384598,1,50,[0 0 -25],[0 0 25],[-11.935 -11.935 -30],[23.87 23.87 60],
